position,state,endorser,endorsee,endorser party,category,points,source
representative,MD,David Trone,John Delaney,D,Representatives,3,twitter
governor,NY,Andrew Cuomo,Joe Biden,D,Governors,8,cnn
senator,CA,Dianne Feinstein,Joe Biden,D,Senators,6,politico
senator,DE,Thomas R. Carper,Joe Biden,D,Senators,6,other
mayor,TX,Ron Nirenberg,Julian Castro,None,Mayors,3,other
DNC member,CA,Laphonza Butler,Kamala Harris,D,DNC members,1,politico
DNC member,DC,James J. Zogby,Bernie Sanders,D,DNC members,1,twitter
lieutenant governor,CA,Eleni Kounalakis,Kamala Harris,D,Statewide officeholders,2,twitter
mayor,CA,Libby Schaaf,Kamala Harris,D,Mayors,3,other
representative,CA,Ted Lieu,Kamala Harris,D,Representatives,3,other
representative,CA,Nanette Diaz Barragán,Kamala Harris,D,Representatives,3,twitter
senator,NJ,Robert Menendez,Cory Booker,D,Senators,6,twitter
governor,NJ,Phil Murphy,Cory Booker,D,Governors,8,other
DNC member,SC,Clay N. Middleton,Cory Booker,D,DNC members,1,other
past vice president,MN,Walter Mondale,Amy Klobuchar,D,Past presidents and vice presidents,10,other
president pro tem,CA,Toni Atkins,Kamala Harris,D,State legislative leaders,2,politico
representative,MA,James McGovern,Elizabeth Warren,D,Representatives,3,twitter
president,MA,Karen Spilka,Elizabeth Warren,D,State legislative leaders,2,other
representative,MA,Joseph P. Kennedy III,Elizabeth Warren,D,Representatives,3,other
representative,MA,Lori Trahan,Elizabeth Warren,D,Representatives,3,other
senator,MA,Edward J. Markey,Elizabeth Warren,D,Senators,6,other
state auditor,MN,Julie Blaha,Amy Klobuchar,D,Statewide officeholders,2,twitter
lieutenant governor,MN,Peggy Flanagan,Amy Klobuchar,D,Statewide officeholders,2,other
speaker,MN,Melissa Hortman,Amy Klobuchar,D,State legislative leaders,2,other
representative,MN,Dean Phillips,Amy Klobuchar,D,Representatives,3,twitter
representative,MN,Angie Craig,Amy Klobuchar,D,Representatives,3,twitter
mayor,MN,Jacob Frey,Amy Klobuchar,D,Mayors,3,other
senator,MN,Tina Smith,Amy Klobuchar,D,Senators,6,youtube
governor,MN,Tim Walz,Amy Klobuchar,D,Governors,8,youtube
representative,CA,Barbara Lee,Kamala Harris,D,Representatives,3,cnn
governor,CA,Gavin Newsom,Kamala Harris,D,Governors,8,politico
lieutenant governor,VT,David Zuckerman,Bernie Sanders,D,Statewide officeholders,2,twitter
representative,VT,Peter Welch,Bernie Sanders,D,Representatives,3,other
senator,VT,Patrick J. Leahy,Bernie Sanders,D,Senators,6,apnews
DNC member,TX,Emmy Ruiz,Kamala Harris,D,DNC members,1,politico
DNC member,DC,Larry Cohen,Bernie Sanders,D,DNC members,1,other
mayor,PR,Carmen Yulín Cruz,Bernie Sanders,D,Mayors,3,twitter
DNC member,OH,Nina Turner,Bernie Sanders,D,DNC members,1,other
DNC member,NJ,Marguerite M. Schaffer,Cory Booker,D,DNC members,1,other
DNC member,NJ,John Currie,Cory Booker,D,DNC members,1,other
lieutenant governor,NJ,Sheila Oliver,Cory Booker,D,Statewide officeholders,2,other
president,NJ,Stephen Sweeney,Cory Booker,D,State legislative leaders,2,other
speaker,NJ,Craig Coughlin,Cory Booker,D,State legislative leaders,2,other
representative,NJ,Bonnie Watson Coleman,Cory Booker,D,Representatives,3,other
representative,NJ,Mikie Sherrill,Cory Booker,D,Representatives,3,other
representative,NJ,Bill Pascrell Jr.,Cory Booker,D,Representatives,3,other
representative,NJ,Albio Sires,Cory Booker,D,Representatives,3,other
representative,NJ,Frank Pallone Jr.,Cory Booker,D,Representatives,3,other
representative,NJ,Josh Gottheimer,Cory Booker,D,Representatives,3,other
representative,NJ,Andy Kim,Cory Booker,D,Representatives,3,other
representative,NJ,Jeff Van Drew,Cory Booker,R,Representatives,3,other
representative,NJ,Donald Norcross,Cory Booker,D,Representatives,3,other
representative,CA,Ro Khanna,Bernie Sanders,D,Representatives,3,other
superintendent of public instruction,CA,Tony Thurmond,Kamala Harris,D,Statewide officeholders,2,politico
insurance commissioner,CA,Ricardo Lara,Kamala Harris,D,Statewide officeholders,2,politico
senator,DE,Christopher A. Coons,Joe Biden,D,Senators,6,other
representative,CA,Juan Vargas,John Delaney,D,Representatives,3,twitter
representative,CA,Julia Brownley,Kamala Harris,D,Representatives,3,other
attorney general,WA,Bob Ferguson,Jay Inslee,D,Statewide officeholders,2,other
representative,WA,Rick Larsen,Jay Inslee,D,Representatives,3,other
attorney general,DC,Karl Racine,Kamala Harris,D,Statewide officeholders,2,other
representative,TX,Veronica Escobar,Beto O'Rourke,D,Representatives,3,other
representative,NY,Carolyn Maloney,Kirsten Gillibrand,D,Representatives,3,twitter
DNC member,CA,Susie A. Shannon,Bernie Sanders,D,DNC members,1,other
former DNC chair,MA,Steven Grossman,Pete Buttigieg,D,Former party leaders,5,other
DNC member,NJ,Bernadette P. McPherson,Cory Booker,D,DNC members,1,other
DNC member,NJ,John Graham,Cory Booker,D,DNC members,1,other
DNC member,OH,Nan Whaley,Pete Buttigieg,D,DNC members,1,other
mayor,TX,Steve Adler,Pete Buttigieg,D,Mayors,3,other
DNC member,MI,Michelle Deatrick,Bernie Sanders,D,DNC members,1,other
DNC member,MA,Kate Donaghue,Elizabeth Warren,D,DNC members,1,other
representative,MA,Stephen F. Lynch,Joe Biden,D,Representatives,3,twitter
former DNC chair,PA,Ed Rendell,Joe Biden,D,Former party leaders,5,twitter
representative,VA,Don Beyer,Pete Buttigieg,D,Representatives,3,other
representative,PA,Matt Cartwright,Joe Biden,D,Representatives,3,other
DNC member,DC,Symone Sanders,Joe Biden,D,DNC members,1,apnews
DNC member,DC,Cristobal J. Alex,Joe Biden,D,DNC members,1,twitter
attorney general,DE,Kathy Jennings,Joe Biden,D,Statewide officeholders,2,other
representative,PA,Dwight Evans,Joe Biden,D,Representatives,3,other
representative,PA,Brendan Boyle,Joe Biden,D,Representatives,3,twitter
representative,NY,Thomas Suozzi,Joe Biden,D,Representatives,3,twitter
representative,LA,Cedric Richmond,Joe Biden,D,Representatives,3,other
representative,DE,Lisa Blunt Rochester,Joe Biden,D,Representatives,3,twitter
senator,PA,Robert P. Casey Jr.,Joe Biden,D,Senators,6,twitter
senator,AL,Doug Jones,Joe Biden,D,Senators,6,twitter
governor,DE,John Carney,Joe Biden,D,Governors,8,other
past presidential nominee,MA,Michael Dukakis,Elizabeth Warren,D,Past nominees,5,other
representative,VA,A. Donald McEachin,Joe Biden,D,Representatives,3,other
state controller,NV,Catherine Byrne,Elizabeth Warren,D,Statewide officeholders,2,twitter
representative,TX,Filemon Vela,Joe Biden,D,Representatives,3,twitter
former U.S. Senate majority leader,SD,Tom Daschle,Joe Biden,D,Former party leaders,5,other
representative,WA,Kim Schrier,Jay Inslee,D,Representatives,3,twitter
speaker,CA,Anthony Rendon,Kamala Harris,D,State legislative leaders,2,twitter
representative,FL,Al Lawson,Joe Biden,D,Representatives,3,politico
senator,MT,Jon Tester,Steve Bullock,D,Senators,6,other
DNC member,NJ,George E. Norcross III,Cory Booker,D,DNC members,1,other
representative,CA,Jim Costa,Kamala Harris,D,Representatives,3,other
representative,WA,Derek Kilmer,Jay Inslee,D,Representatives,3,twitter
representative,TX,Al Green,Kamala Harris,D,Representatives,3,politico
representative,MO,William Lacy Clay Jr.,Kamala Harris,D,Representatives,3,cnn
DNC member,IA,Jan M. Bauer,Steve Bullock,D,DNC members,1,politico
DNC member,MI,Barry J. Goodman,Joe Biden,D,DNC members,1,twitter
attorney general,MN,Keith Ellison,Bernie Sanders,D,Statewide officeholders,2,twitter
representative,MN,Collin C. Peterson,Amy Klobuchar,D,Representatives,3,other
mayor,GA,Keisha Lance Bottoms,Joe Biden,D,Mayors,3,other
governor,CT,Ned Lamont,Joe Biden,D,Governors,8,other
representative,CT,Jahana Hayes,Kamala Harris,D,Representatives,3,other
minority leader,GA,Robert Trammell,Kamala Harris,D,State legislative leaders,2,other
minority leader,TN,Jeff Yarbro,Pete Buttigieg,D,State legislative leaders,2,other
former U.S. House Democratic whip,MI,David Bonior,Elizabeth Warren,D,Former party leaders,5,twitter
DNC member,VA,Leopoldo J. Martinez,Joe Biden,D,DNC members,1,cnn
representative,TX,Eddie Bernice Johnson,Joe Biden,D,Representatives,3,politico
mayor,MI,Mike Duggan,Joe Biden,D,Mayors,3,apnews
DNC member,VT,Mary M. Sullivan,Bernie Sanders,D,DNC members,1,twitter
state auditor,VT,Doug Hoffer,Bernie Sanders,D,Statewide officeholders,2,twitter
state treasurer,VT,Beth Pearce,Bernie Sanders,D,Statewide officeholders,2,twitter
attorney general,VT,T.J. Donovan,Bernie Sanders,D,Statewide officeholders,2,twitter
president pro tem,VT,Tim Ashe,Bernie Sanders,D,State legislative leaders,2,twitter
DNC member,TN,William Owen,Joe Biden,D,DNC members,1,other
representative,NM,Debra A. Haaland,Elizabeth Warren,D,Representatives,3,twitter
representative,MI,Andy Levin,Elizabeth Warren,D,Representatives,3,twitter
representative,MA,Katherine Clark,Elizabeth Warren,D,Representatives,3,twitter
representative,AZ,Raul Grijalva,Elizabeth Warren,D,Representatives,3,twitter
representative,MI,Brenda Lawrence,Kamala Harris,D,Representatives,3,other
minority leader,ND,Josh Boschee,Pete Buttigieg,D,State legislative leaders,2,other
state treasurer,IL,Mike Frerichs,Elizabeth Warren,D,Statewide officeholders,2,other
representative,OH,Marcia L. Fudge,Kamala Harris,D,Representatives,3,other
representative,CA,J. Luis Correa,Joe Biden,D,Representatives,3,other
DNC member,MO,Curtis Wylde,Bernie Sanders,D,DNC members,1,twitter
president,ME,Troy Jackson,Bernie Sanders,D,State legislative leaders,2,youtube
representative,MD,Jamie Raskin,Elizabeth Warren,D,Representatives,3,other
DNC member,FL,Nikki Ford Barnes,Cory Booker,D,DNC members,1,twitter
attorney general,MA,Maura Healey,Elizabeth Warren,D,Statewide officeholders,2,twitter
Democratic caucus chairman,MS,Derrick T. Simmons,Joe Biden,D,State legislative leaders,2,other
representative,AZ,Ruben Gallego,Kamala Harris,D,Representatives,3,other
representative,TX,Vicente Gonzalez,Joe Biden,D,Representatives,3,politico
state treasurer,IA,Michael Fitzgerald,Elizabeth Warren,D,Statewide officeholders,2,apnews
mayor,OH,John Cranley,Pete Buttigieg,D,Mayors,3,other
representative,NC,G.K. Butterfield,Joe Biden,D,Representatives,3,twitter
representative,MO,Emanuel Cleaver,Joe Biden,D,Representatives,3,twitter
representative,FL,Charlie Crist,Joe Biden,D,Representatives,3,twitter
DNC member,NV,Alex Goff,Elizabeth Warren,D,DNC members,1,twitter
minority leader,MN,Tom Bakk,Amy Klobuchar,D,State legislative leaders,2,4president
representative,MN,Betty McCollum,Amy Klobuchar,D,Representatives,3,4president
representative,MN,Ilhan Omar,Bernie Sanders,D,Representatives,3,twitter
former DNC chair,CT,Chris Dodd,Joe Biden,D,Former party leaders,5,other
representative,NY,Alexandria Ocasio-Cortez,Bernie Sanders,D,Representatives,3,other
DNC member,CO,Terry L. Tucker,Bernie Sanders,D,DNC members,1,other
DNC member,CO,Jeri D. Shepherd,Bernie Sanders,D,DNC members,1,other
mayor,PA,James F. Kenney,Elizabeth Warren,D,Mayors,3,twitter
representative,CA,Katie Porter,Elizabeth Warren,D,Representatives,3,twitter
representative,MI,Rashida Tlaib,Bernie Sanders,D,Representatives,3,twitter
former DNC chair,CO,Roy Romer,Michael Bennet,D,Former party leaders,5,other
representative,MA,Ayanna Pressley,Elizabeth Warren,D,Representatives,3,other
representative,TX,Marc Veasey,Joe Biden,D,Representatives,3,politico
Former 2020 candidate,OH,Tim Ryan,Joe Biden,D,Candidates who have dropped out,5,other
representative,OR,Kurt Schrader,Joe Biden,D,Representatives,3,other
DNC member,TX,Celina Vasquez,Julian Castro,D,DNC members,1,4president
DNC member,GA,Ted Terry,Bernie Sanders,D,DNC members,1,twitter
delegate,VI,Stacey E. Plaskett,Kamala Harris,D,Representatives,3,4president
representative,CA,Salud Carbajal,Kamala Harris,D,Representatives,3,politico
mayor,KY,Greg Fischer,Michael Bloomberg,D,Mayors,3,other
representative,NV,Dina Titus,Joe Biden,D,Representatives,3,twitter
representative,IN,Peter Visclosky,Pete Buttigieg,D,Representatives,3,other
DNC member,CA,Kerman Maddox,Joe Biden,D,DNC members,1,4president
minority leader,FL,Audrey Gibson,Joe Biden,D,State legislative leaders,2,politico
representative,NY,Kathleen Rice,Pete Buttigieg,D,Representatives,3,cnn
representative,IL,Jan Schakowsky,Elizabeth Warren,D,Representatives,3,other
representative,CA,John Garamendi,Joe Biden,D,Representatives,3,4president
representative,CA,Ami Bera,Joe Biden,D,Representatives,3,other
DNC member,PR,Maria E. Melendez Altieri,Joe Biden,D,DNC members,1,4president
past presidential nominee,MA,John Kerry,Joe Biden,D,Past nominees,5,other
Former 2020 candidate,CO,John Hickenlooper,Michael Bennet,D,Candidates who have dropped out,5,apnews
attorney general,CO,Phil Weiser,Michael Bennet,D,Statewide officeholders,2,other
secretary of state,CT,Denise Merrill,Elizabeth Warren,D,Statewide officeholders,2,other
mayor,CA,Sam Liccardo,Michael Bloomberg,D,Mayors,3,other
mayor,CA,Michael D. Tubbs,Michael Bloomberg,D,Mayors,3,other
DNC member,CA,Bob Mulholland,Joe Biden,D,DNC members,1,twitter
lieutenant governor,RI,Dan McKee,Joe Biden,D,Statewide officeholders,2,4president
representative,CA,Lucille Roybal-Allard,Joe Biden,D,Representatives,3,twitter
mayor,MN,Melvin Carter,Amy Klobuchar,D,Mayors,3,twitter
speaker,NH,Steve Shurtleff,Joe Biden,D,State legislative leaders,2,twitter
DNC member,TX,Carla Brailey,Michael Bloomberg,D,DNC members,1,other
DNC member,PA,Michael A. Nutter,Michael Bloomberg,D,DNC members,1,other
DNC member,DC,Keith Michael Harper,Pete Buttigieg,D,DNC members,1,other
representative,CA,Tony Cárdenas,Joe Biden,D,Representatives,3,apnews
DNC member,MI,Mark LaChey,Pete Buttigieg,D,DNC members,1,twitter
representative,IA,Abby Finkenauer,Joe Biden,D,Representatives,3,twitter
DNC member,DC,Jeff Berman,Tom Steyer,D,DNC members,1,4president
representative,VA,Elaine Luria,Joe Biden,D,Representatives,3,other
representative,PA,Conor Lamb,Joe Biden,D,Representatives,3,other
representative,PA,Chrissy Houlahan,Joe Biden,D,Representatives,3,other
Former 2020 candidate,TX,Julian Castro,Elizabeth Warren,D,Candidates who have dropped out,5,twitter
DNC member,MO,Megan E. Green,Bernie Sanders,D,DNC members,1,twitter
DNC member,NH,Martha Fuller Clark,Joe Biden,D,DNC members,1,twitter
DNC member,NV,Allison A. Stephens,Elizabeth Warren,D,DNC members,1,twitter
representative,MD,Anthony Brown,Pete Buttigieg,D,Representatives,3,other
mayor,CA,Robert Garcia,Joe Biden,D,Mayors,3,other
mayor,CA,Eric Garcetti,Joe Biden,D,Mayors,3,other
DNC member,CA,Alexandra Gallardo Rooker,Michael Bloomberg,D,DNC members,1,apnews
mayor,TN,Jim Strickland,Michael Bloomberg,D,Mayors,3,other
representative,IA,David Loebsack,Pete Buttigieg,D,Representatives,3,other
attorney general,IA,Tom Miller,Joe Biden,D,Statewide officeholders,2,other
representative,TX,Colin Allred,Joe Biden,D,Representatives,3,other
representative,NY,Sean Patrick Maloney,Joe Biden,D,Representatives,3,other
representative,NY,Max N. Rose,Michael Bloomberg,D,Representatives,3,other
mayor,CO,Michael Hancock,Michael Bennet,D,Mayors,3,other
representative,TX,Joaquin Castro,Elizabeth Warren,D,Representatives,3,twitter
representative,NJ,Tom Malinowski,Joe Biden,D,Representatives,3,other
representative,NH,Ann Kuster,Pete Buttigieg,D,Representatives,3,other
representative,WI,Mark Pocan,Bernie Sanders,D,Representatives,3,apnews
representative,FL,Stephanie Murphy,Michael Bloomberg,D,Representatives,3,politico
lieutenant governor,CT,Susan Bysiewicz,Joe Biden,D,Statewide officeholders,2,other
representative,CA,Harley Rouda,Michael Bloomberg,D,Representatives,3,other
representative,AL,Terri A. Sewell,Joe Biden,D,Representatives,3,politico
minority leader,IA,Janet Petersen,Elizabeth Warren,D,State legislative leaders,2,other
representative,WA,Pramila Jayapal,Bernie Sanders,D,Representatives,3,other
DNC member,TX,Jose R. Rodriguez,Elizabeth Warren,D,DNC members,1,other
DNC member,NH,Kathleen Sullivan,Elizabeth Warren,D,DNC members,1,twitter
DNC member,IA,Sandy Opstvedt,Joe Biden,D,DNC members,1,twitter
speaker pro tem,TX,Joe Moody,Elizabeth Warren,D,State legislative leaders,2,other
representative,NJ,Donald Payne Jr.,Joe Biden,D,Representatives,3,politico
representative,IL,Bobby L. Rush,Michael Bloomberg,D,Representatives,3,other
representative,GA,Sanford D. Bishop Jr.,Joe Biden,D,Representatives,3,politico
representative,FL,Frederica Wilson,Joe Biden,D,Representatives,3,politico
representative,FL,Alcee L. Hastings,Joe Biden,D,Representatives,3,politico
mayor,CA,Rusty Bailey,Michael Bloomberg,None,Mayors,3,politico
mayor,CA,Darrell Steinberg,Joe Biden,D,Mayors,3,other
DNC member,WI,Khary Penebaker,Michael Bloomberg,D,DNC members,1,twitter
DNC member,NH,William H. Shaheen,Joe Biden,D,DNC members,1,other
mayor,CA,London Breed,Michael Bloomberg,D,Mayors,3,other
president,CO,Leroy Garcia,Joe Biden,D,State legislative leaders,2,4president
representative,IA,Cindy Axne,Joe Biden,D,Representatives,3,other
speaker,RI,Nicholas Mattiello,Joe Biden,D,State legislative leaders,2,other
representative,MA,Seth Moulton,Joe Biden,D,Representatives,3,other
representative,CA,Scott Peters,Michael Bloomberg,D,Representatives,3,politico
commissioner of labor and industries,OR,Val Hoyle,Elizabeth Warren,D,Statewide officeholders,2,other
speaker,OR,Tina Kotek,Elizabeth Warren,D,State legislative leaders,2,other
representative,NC,Alma Adams,Joe Biden,D,Representatives,3,other
representative,IL,Bradley Schneider,Joe Biden,D,Representatives,3,other
mayor,DC,Muriel Bowser,Michael Bloomberg,D,Governors,8,other
representative,UT,Ben McAdams,Michael Bloomberg,D,Representatives,3,twitter
former DNC chair,MA,Paul Kirk,Joe Biden,D,Former party leaders,5,4president
representative,CA,Linda Sánchez,Amy Klobuchar,D,Representatives,3,twitter
representative,IL,Danny K. Davis,Joe Biden,D,Representatives,3,twitter
state treasurer,CA,Fiona Ma,Michael Bloomberg,D,Statewide officeholders,2,twitter
state comptroller,CT,Kevin Lembo,Elizabeth Warren,D,Statewide officeholders,2,other
secretary of state,CA,Alex Padilla,Joe Biden,D,Statewide officeholders,2,twitter
minority leader,AR,Fredrick Love,Joe Biden,D,State legislative leaders,2,4president
DNC member,NY,Christine Quinn,no_endorsee,D,DNC members,1,other
DNC member,GA,Louis Elrod,no_endorsee,D,DNC members,1,other
DNC member,GA,Wendy Davis,no_endorsee,D,DNC members,1,other
DNC member,FL,Craig Smith,no_endorsee,D,DNC members,1,other
DNC member,FL,Casmore Shaw,no_endorsee,D,DNC members,1,other
DNC member,FL,Terrie Lorraine Rizzo,no_endorsee,D,DNC members,1,other
DNC member,FL,John A. Ramos,no_endorsee,D,DNC members,1,other
DNC member,FL,Judy C. Mount,no_endorsee,D,DNC members,1,other
DNC member,FL,Maureen A. McKenna,no_endorsee,D,DNC members,1,other
DNC member,FL,Shawn W. Kinsey,no_endorsee,D,DNC members,1,other
DNC member,FL,Mikaela Guido,no_endorsee,D,DNC members,1,other
DNC member,FL,Alma R. Gonzalez,no_endorsee,D,DNC members,1,other
DNC member,FL,Ken N. Evans,no_endorsee,D,DNC members,1,other
DNC member,FL,Alan R. Clendenin,no_endorsee,D,DNC members,1,other
DNC member,FL,Briana L. Cartwright,no_endorsee,D,DNC members,1,other
DNC member,FL,Grace Carrington,no_endorsee,D,DNC members,1,other
DNC member,FL,Cynthia M. Busch,no_endorsee,D,DNC members,1,other
DNC member,FL,Dwight Bullard,no_endorsee,D,DNC members,1,other
DNC member,DC,Charles E. Wilson,no_endorsee,D,DNC members,1,other
DNC member,DC,Rick C. Wade,no_endorsee,D,DNC members,1,other
DNC member,DC,Lee A. Saunders,no_endorsee,D,DNC members,1,other
DNC member,DC,Steve Regenstreif,no_endorsee,D,DNC members,1,other
DNC member,DC,Carrie Pugh,no_endorsee,D,DNC members,1,other
DNC member,DC,Carol J. Pensky,no_endorsee,D,DNC members,1,other
DNC member,DC,Minyon Moore,no_endorsee,D,DNC members,1,other
DNC member,DC,Silvia J. Martinez,no_endorsee,D,DNC members,1,other
DNC member,DC,Claire Lucas,no_endorsee,D,DNC members,1,other
DNC member,DC,Harold Ickes,no_endorsee,D,DNC members,1,other
DNC member,DC,Linda L. Gray,no_endorsee,D,DNC members,1,other
DNC member,DC,Lily L. Eskelsen Garcia,no_endorsee,D,DNC members,1,other
DNC member,DC,Earl D. Fowlkes Jr.,no_endorsee,D,DNC members,1,other
DNC member,DC,Jack Evans,no_endorsee,D,DNC members,1,other
DNC member,DC,Joanne Dowdell,no_endorsee,D,DNC members,1,other
DNC member,DC,Leah Daughtry,no_endorsee,D,DNC members,1,other
DNC member,DC,J. David Cox,no_endorsee,D,DNC members,1,other
DNC member,DC,Alexandra Chalupa,no_endorsee,D,DNC members,1,other
DNC member,DC,Maria Cardona,no_endorsee,D,DNC members,1,other
DNC member,DC,Roxanne D. Brown,no_endorsee,D,DNC members,1,other
DNC member,DC,Calla R. Brown,no_endorsee,D,DNC members,1,other
DNC member,DC,James Joseph Boland,no_endorsee,D,DNC members,1,other
DNC member,DA,Orlando E. Vidal,no_endorsee,D,DNC members,1,other
DNC member,DA,Kenneth E. Sherman,no_endorsee,D,DNC members,1,other
DNC member,DA,Alex Montgomery,no_endorsee,D,DNC members,1,other
DNC member,DA,Martha McDevitt-Pugh,no_endorsee,D,DNC members,1,other
DNC member,DA,Adrianne R. George,no_endorsee,D,DNC members,1,other
DNC member,DA,John A. Eastwood,no_endorsee,D,DNC members,1,other
DNC member,DA,Julia Bryan,no_endorsee,D,DNC members,1,other
DNC member,DA,Connie Borde,no_endorsee,D,DNC members,1,other
DNC member,DE,Erik Raser-Schramm,no_endorsee,D,DNC members,1,other
DNC member,DE,Elizabeth D. Maron,no_endorsee,D,DNC members,1,other
DNC member,DE,Valerie Longhurst,no_endorsee,D,DNC members,1,other
DNC member,DE,Kerri Evelyn Harris,no_endorsee,D,DNC members,1,other
DNC member,DE,Sean Finnigan,no_endorsee,D,DNC members,1,other
DNC member,CT,Nancy Wyman,no_endorsee,D,DNC members,1,other
DNC member,CT,Erick Russell,no_endorsee,D,DNC members,1,other
DNC member,CT,John W. Olsen,no_endorsee,D,DNC members,1,other
DNC member,CT,Nancy DiNardo,no_endorsee,D,DNC members,1,other
DNC member,CO,Michael F. Hamrick,no_endorsee,D,DNC members,1,other
DNC member,CO,Howard Chou,no_endorsee,D,DNC members,1,other
DNC member,CO,Morgan Carroll,no_endorsee,D,DNC members,1,other
DNC member,CA,Laurence S. Zakson,no_endorsee,D,DNC members,1,other
DNC member,CA,Rosalind Wyman,no_endorsee,D,DNC members,1,other
DNC member,CA,Amy Elaine Wakeland,no_endorsee,D,DNC members,1,other
DNC member,CA,Keith Umemoto,no_endorsee,D,DNC members,1,other
DNC member,CA,Garry S. Shay,no_endorsee,D,DNC members,1,other
DNC member,CA,Rion J. Ramirez,no_endorsee,D,DNC members,1,other
DNC member,CA,Melahat Rafiei,no_endorsee,D,DNC members,1,other
DNC member,CA,John A. Perez,no_endorsee,D,DNC members,1,other
DNC member,CA,Christine Pelosi,no_endorsee,D,DNC members,1,other
DNC member,CA,Sandra M. Lowe,no_endorsee,D,DNC members,1,other
DNC member,CA,Otto O. Lee,no_endorsee,D,DNC members,1,other
DNC member,CA,Andrew Lachman,no_endorsee,D,DNC members,1,other
DNC member,CA,Michael Kapp,no_endorsee,D,DNC members,1,other
DNC member,CA,Lorna M. Johnson,no_endorsee,D,DNC members,1,other
DNC member,CA,Aleita J. Huguenin,no_endorsee,D,DNC members,1,other
DNC member,CA,Alice A. Huffman,no_endorsee,D,DNC members,1,other
DNC member,CA,Rusty Hicks,no_endorsee,D,DNC members,1,other
DNC member,CA,Ron Galperin,no_endorsee,D,DNC members,1,other
DNC member,CA,Maria Echaveste,no_endorsee,D,DNC members,1,other
DNC member,CA,Mary Ellen Early,no_endorsee,D,DNC members,1,other
DNC member,CA,Jesse L. Durfee,no_endorsee,D,DNC members,1,other
DNC member,CA,Becca Doten,no_endorsee,D,DNC members,1,other
DNC member,CA,Steven K. Alari,no_endorsee,D,DNC members,1,other
DNC member,AR,Kasey Summerville,no_endorsee,D,DNC members,1,other
DNC member,AR,Lottie Shackelford,no_endorsee,D,DNC members,1,other
DNC member,AR,Dustin McDaniel,no_endorsee,D,DNC members,1,other
DNC member,AR,Nicole Hart,no_endorsee,D,DNC members,1,other
DNC member,AR,Michael John Gray,no_endorsee,D,DNC members,1,other
DNC member,AZ,Sierra Yamanaka,no_endorsee,D,DNC members,1,other
DNC member,AZ,Felecia Rotellini,no_endorsee,D,DNC members,1,other
DNC member,AZ,Ellie Perez,no_endorsee,D,DNC members,1,other
DNC member,AZ,Luis Alberto Heredia,no_endorsee,D,DNC members,1,other
DNC member,AZ,Adrian Fontes,no_endorsee,D,DNC members,1,other
DNC member,AZ,William Patrick Burns,no_endorsee,D,DNC members,1,other
DNC member,AZ,Douglas Ballard,no_endorsee,D,DNC members,1,other
DNC member,AS,Minnie Tuia,no_endorsee,D,DNC members,1,other
DNC member,AS,Aliitama Soto'a,no_endorsee,D,DNC members,1,other
DNC member,AS,Petti Matila,no_endorsee,D,DNC members,1,other
DNC member,AS,Fagafaga D. Langkilde,no_endorsee,D,DNC members,1,other
DNC member,AK,Edward Wesley,no_endorsee,D,DNC members,1,other
DNC member,AK,Casey Steinau,no_endorsee,D,DNC members,1,other
DNC member,AK,Sheila A. Selkregg,no_endorsee,D,DNC members,1,other
DNC member,AK,Chuck Degnan,no_endorsee,D,DNC members,1,other
DNC member,AL,Nancy L. Worley,no_endorsee,D,DNC members,1,other
DNC member,AL,Charlie Lethate Staten,no_endorsee,D,DNC members,1,other
DNC member,AL,Janet May,no_endorsee,D,DNC members,1,other
DNC member,AL,Randy B. Kelley,no_endorsee,D,DNC members,1,other
DNC member,AL,Unzell Kelley,no_endorsee,D,DNC members,1,other
DNC member,AL,Clinton M. Daughtrey,no_endorsee,D,DNC members,1,other
public auditor,GU,Benjamin Cruz,no_endorsee,D,Statewide officeholders,2,other
lieutenant governor,VI,Tregenza Roach,no_endorsee,D,Statewide officeholders,2,other
lieutenant governor,AS,Lemanu Palepoi S. Mauga,no_endorsee,D,Statewide officeholders,2,other
attorney general,MP,Edward Manibusan,no_endorsee,None,Statewide officeholders,2,other
lieutenant governor,GU,Joshua Tenorio,no_endorsee,D,Statewide officeholders,2,other
attorney general,GU,Leevin T. Camacho,no_endorsee,None,Statewide officeholders,2,other
superintendent of public instruction,WI,Carolyn Stanford Taylor,no_endorsee,D,Statewide officeholders,2,other
attorney general,WI,Josh Kaul,no_endorsee,D,Statewide officeholders,2,other
state treasurer,WI,Sarah Godlewski,no_endorsee,D,Statewide officeholders,2,other
secretary of state,WI,Doug La Follette,no_endorsee,D,Statewide officeholders,2,other
lieutenant governor,WI,Mandela Barnes,no_endorsee,D,Statewide officeholders,2,other
state treasurer,WV,John Perdue,no_endorsee,D,Statewide officeholders,2,other
superintendent of public instruction,WA,Chris Reykdal,no_endorsee,D,Statewide officeholders,2,other
commissioner of public lands,WA,Hilary Franz,no_endorsee,D,Statewide officeholders,2,other
insurance commissioner,WA,Mike Kreidler,no_endorsee,D,Statewide officeholders,2,other
state auditor,WA,Pat McCarthy,no_endorsee,D,Statewide officeholders,2,other
lieutenant governor,WA,Cyrus Habib,no_endorsee,D,Statewide officeholders,2,other
attorney general,VA,Mark Herring,no_endorsee,D,Statewide officeholders,2,other
lieutenant governor,VA,Justin Fairfax,no_endorsee,D,Statewide officeholders,2,other
secretary of state,VT,Jim Condos,no_endorsee,D,Statewide officeholders,2,other
general treasurer,RI,Seth Magaziner,no_endorsee,D,Statewide officeholders,2,other
attorney general,RI,Peter Neronha,no_endorsee,D,Statewide officeholders,2,other
secretary of state,RI,Nellie Gorbea,no_endorsee,D,Statewide officeholders,2,other
auditor general,PA,Eugene DePasquale,no_endorsee,D,Statewide officeholders,2,other
state treasurer,PA,Joe Torsella,no_endorsee,D,Statewide officeholders,2,other
attorney general,PA,Josh Shapiro,no_endorsee,D,Statewide officeholders,2,other
lieutenant governor,PA,John Fetterman,no_endorsee,D,Statewide officeholders,2,other
state treasurer,OR,Tobias Read,no_endorsee,D,Statewide officeholders,2,other
attorney general,OR,Ellen Rosenblum,no_endorsee,D,Statewide officeholders,2,other
state auditor,NC,Beth Wood,no_endorsee,D,Statewide officeholders,2,other
attorney general,NC,Josh Stein,no_endorsee,D,Statewide officeholders,2,other
secretary of state,NC,Elaine Marshall,no_endorsee,D,Statewide officeholders,2,other
state comptroller,NY,Thomas DiNapoli,no_endorsee,D,Statewide officeholders,2,other
attorney general,NY,Letitia James,no_endorsee,D,Statewide officeholders,2,other
lieutenant governor,NY,Kathy Hochul,no_endorsee,D,Statewide officeholders,2,other
commissioner of public lands,NM,Stephanie Garcia Richard,no_endorsee,D,Statewide officeholders,2,other
state auditor,NM,Brian Colón,no_endorsee,D,Statewide officeholders,2,other
state treasurer,NM,Tim Eichenberg,no_endorsee,D,Statewide officeholders,2,other
attorney general,NM,Hector Balderas,no_endorsee,D,Statewide officeholders,2,other
secretary of state,NM,Maggie Toulouse Oliver,no_endorsee,D,Statewide officeholders,2,other
lieutenant governor,NM,Howie Morales,no_endorsee,D,Statewide officeholders,2,other
state treasurer,NV,Zach Conine,no_endorsee,D,Statewide officeholders,2,other
attorney general,NV,Aaron Ford,no_endorsee,D,Statewide officeholders,2,other
lieutenant governor,NV,Kate Marshall,no_endorsee,D,Statewide officeholders,2,other
lieutenant governor,MT,Mike Cooney,no_endorsee,D,Statewide officeholders,2,other
state auditor,MO,Nicole Galloway,no_endorsee,D,Statewide officeholders,2,other
secretary of state,MN,Steve Simon,no_endorsee,D,Statewide officeholders,2,other
attorney general,MI,Dana Nessel,no_endorsee,D,Statewide officeholders,2,other
secretary of state,MI,Jocelyn Benson,no_endorsee,D,Statewide officeholders,2,other
lieutenant governor,MI,Garlin Gilchrist,no_endorsee,D,Statewide officeholders,2,other
state auditor,MA,Suzanne Bump,no_endorsee,D,Statewide officeholders,2,other
state treasurer and receiver-general,MA,Deborah Goldberg,no_endorsee,D,Statewide officeholders,2,other
secretary of the commonwealth,MA,Bill Galvin,no_endorsee,D,Statewide officeholders,2,other
state comptroller,MD,Peter Franchot,no_endorsee,D,Statewide officeholders,2,other
attorney general,MD,Brian Frosh,no_endorsee,D,Statewide officeholders,2,other
lieutenant governor,KY,Jacqueline Coleman,no_endorsee,D,Statewide officeholders,2,other
lieutenant governor,KS,Lynn Rogers,no_endorsee,D,Statewide officeholders,2,other
state auditor,IA,Rob Sand,no_endorsee,D,Statewide officeholders,2,other
state comptroller,IL,Susana Mendoza,no_endorsee,D,Statewide officeholders,2,other
attorney general,IL,Kwame Raoul,no_endorsee,D,Statewide officeholders,2,other
secretary of state,IL,Jesse White,no_endorsee,D,Statewide officeholders,2,other
lieutenant governor,IL,Juliana Stratton,no_endorsee,D,Statewide officeholders,2,other
lieutenant governor,HI,Josh Green,no_endorsee,D,Statewide officeholders,2,other
commissioner of agriculture and consumer services,FL,Nikki Fried,no_endorsee,D,Statewide officeholders,2,other
commissioner of insurance,DE,Trinidad Navarro,no_endorsee,D,Statewide officeholders,2,other
auditor of accounts,DE,Kathleen McGuiness,no_endorsee,D,Statewide officeholders,2,other
state treasurer,DE,Colleen Davis,no_endorsee,D,Statewide officeholders,2,other
lieutenant governor,DE,Bethany Hall-Long,no_endorsee,D,Statewide officeholders,2,other
attorney general,CT,William Tong,no_endorsee,D,Statewide officeholders,2,other
state treasurer,CT,Shawn Wooden,no_endorsee,D,Statewide officeholders,2,other
state treasurer,CO,Dave Young,no_endorsee,D,Statewide officeholders,2,other
secretary of state,CO,Jena Griswold,no_endorsee,D,Statewide officeholders,2,other
lieutenant governor,CO,Dianne Primavera,no_endorsee,D,Statewide officeholders,2,other
state controller,CA,Betty Yee,no_endorsee,D,Statewide officeholders,2,other
attorney general,CA,Xavier Becerra,no_endorsee,D,Statewide officeholders,2,other
superintendent of public instruction,AZ,Kathy Hoffman,no_endorsee,D,Statewide officeholders,2,other
secretary of state,AZ,Katie Hobbs,no_endorsee,D,Statewide officeholders,2,other
minority leader,WY,Chris Rothfuss,no_endorsee,D,State legislative leaders,2,other
minority leader,WY,Cathy Connolly,no_endorsee,D,State legislative leaders,2,other
minority leader,WI,Jennifer Shilling,no_endorsee,D,State legislative leaders,2,other
minority leader,WI,Gordon Hintz,no_endorsee,D,State legislative leaders,2,other
minority leader,WV,Roman Prezioso,no_endorsee,D,State legislative leaders,2,other
minority leader,WV,Tim Miley,no_endorsee,D,State legislative leaders,2,other
president pro tem,WA,Karen Keiser,no_endorsee,D,State legislative leaders,2,other
speaker,WA,Laurie Jinkins,no_endorsee,D,State legislative leaders,2,other
majority leader,VA,Richard Saslaw,no_endorsee,D,State legislative leaders,2,other
speaker,VA,Eileen Filler-Corn,no_endorsee,D,State legislative leaders,2,other
president,VI,Novelle E. Francis,no_endorsee,D,State legislative leaders,2,other
speaker,VT,Mitzi Johnson,no_endorsee,D,State legislative leaders,2,other
minority leader,UT,Karen Mayne,no_endorsee,D,State legislative leaders,2,other
minority leader,UT,Brian King,no_endorsee,D,State legislative leaders,2,other
minority leader,TN,Karen Camper,no_endorsee,D,State legislative leaders,2,other
minority leader,SD,Jamie Smith,no_endorsee,D,State legislative leaders,2,other
minority leader,SD,Troy Heinert,no_endorsee,D,State legislative leaders,2,other
minority leader,SC,Nikki Setzler,no_endorsee,D,State legislative leaders,2,other
minority leader,SC,J. Todd Rutherford,no_endorsee,D,State legislative leaders,2,other
president,RI,Dominick Ruggerio,no_endorsee,D,State legislative leaders,2,other
president,PR,Thomas Rivera Schatz,no_endorsee,NPP,State legislative leaders,2,other
speaker,PR,Carlos Johnny Méndez,no_endorsee,NPP,State legislative leaders,2,other
minority leader,PA,Frank Dermody,no_endorsee,D,State legislative leaders,2,other
minority leader,PA,Jay Costa,no_endorsee,D,State legislative leaders,2,other
president,OR,Peter Courtney,no_endorsee,D,State legislative leaders,2,other
minority leader,OK,Emily Virgin,no_endorsee,D,State legislative leaders,2,other
minority leader,OK,Kay Floyd,no_endorsee,D,State legislative leaders,2,other
minority leader,OH,Kenny Yuko,no_endorsee,D,State legislative leaders,2,other
minority leader,OH,Emilia Sykes,no_endorsee,D,State legislative leaders,2,other
minority leader,ND,Joan Heckaman,no_endorsee,D,State legislative leaders,2,other
minority leader,NC,Darren Jackson,no_endorsee,D,State legislative leaders,2,other
minority leader,NC,Dan Blue,no_endorsee,D,State legislative leaders,2,other
president,NY,Andrea Stewart-Cousins,no_endorsee,D,State legislative leaders,2,other
speaker,NY,Carl Heastie,no_endorsee,D,State legislative leaders,2,other
president pro tem,NM,Mary Kay Papen,no_endorsee,D,State legislative leaders,2,other
speaker,NM,Brian Egolf,no_endorsee,D,State legislative leaders,2,other
president,NH,Donna Soucy,no_endorsee,D,State legislative leaders,2,other
speaker,NV,Jason Frierson,no_endorsee,D,State legislative leaders,2,other
president pro tem,NV,Mo Denis,no_endorsee,D,State legislative leaders,2,other
Executive Board chairman,NE,Tony Vargas,no_endorsee,D,State legislative leaders,2,other
Executive Board member,NE,Kate Bolz,no_endorsee,D,State legislative leaders,2,other
minority leader,MT,Jon Sesso,no_endorsee,D,State legislative leaders,2,other
minority leader,MT,Casey Schreiner,no_endorsee,D,State legislative leaders,2,other
minority leader,MO,Gina Walsh,no_endorsee,D,State legislative leaders,2,other
minority leader,MO,Crystal Quade,no_endorsee,D,State legislative leaders,2,other
minority leader,MS,Robert Johnson III,no_endorsee,D,State legislative leaders,2,other
minority leader,MI,Christine Greig,no_endorsee,D,State legislative leaders,2,other
minority leader,MI,Jim Ananich,no_endorsee,D,State legislative leaders,2,other
speaker,MA,Robert DeLeo,no_endorsee,D,State legislative leaders,2,other
speaker,MD,Adrienne Jones,no_endorsee,D,State legislative leaders,2,other
president,MD,Bill Ferguson,no_endorsee,D,State legislative leaders,2,other
speaker,ME,Sara Gideon,no_endorsee,D,State legislative leaders,2,other
speaker pro tem,LA,Walt Leger III,no_endorsee,D,State legislative leaders,2,other
Democratic caucus chairman,LA,Troy Carter Sr.,no_endorsee,D,State legislative leaders,2,other
minority floor leader,KY,Morgan McGarvey,no_endorsee,D,State legislative leaders,2,other
minority floor leader,KY,Joni Jenkins,no_endorsee,D,State legislative leaders,2,other
minority leader,KS,Tom Sawyer,no_endorsee,D,State legislative leaders,2,other
minority leader,KS,Anthony Hensley,no_endorsee,D,State legislative leaders,2,other
minority leader,IA,Todd Prichard,no_endorsee,D,State legislative leaders,2,other
minority leader,IN,Tim Lanane,no_endorsee,D,State legislative leaders,2,other
minority leader,IN,Phil Giaquinta,no_endorsee,D,State legislative leaders,2,other
speaker,IL,Michael Madigan,no_endorsee,D,State legislative leaders,2,other
president,IL,Don Harmon,no_endorsee,D,State legislative leaders,2,other
minority leader,ID,Michelle Stennett,no_endorsee,D,State legislative leaders,2,other
minority leader,ID,Ilana Rubel,no_endorsee,D,State legislative leaders,2,other
speaker,HI,Scott Saiki,no_endorsee,D,State legislative leaders,2,other
president,HI,Ron Kouchi,no_endorsee,D,State legislative leaders,2,other
speaker,GU,Tina Muña Barnes,no_endorsee,D,State legislative leaders,2,other
minority leader,GA,Steve Henson,no_endorsee,D,State legislative leaders,2,other
minority leader,FL,Kionne McGhee,no_endorsee,D,State legislative leaders,2,other
chairman,DC,Phil Mendelson,no_endorsee,D,State legislative leaders,2,other
speaker,DE,Peter Schwartzkopf,no_endorsee,D,State legislative leaders,2,other
president pro tem,DE,David McBride,no_endorsee,D,State legislative leaders,2,other
president pro tem,CT,Martin Looney,no_endorsee,D,State legislative leaders,2,other
speaker,CT,Joe Aresimowicz,no_endorsee,D,State legislative leaders,2,other
speaker,CO,KC Becker,no_endorsee,D,State legislative leaders,2,other
minority leader,AR,Keith Ingram,no_endorsee,D,State legislative leaders,2,other
minority leader,AZ,Charlene Fernandez,no_endorsee,D,State legislative leaders,2,other
minority leader,AZ,David Bradley,no_endorsee,D,State legislative leaders,2,other
president,AS,Gaoteote P. Tofau,no_endorsee,None,State legislative leaders,2,other
speaker,AK,Bryce Edgmon,no_endorsee,I,State legislative leaders,2,other
minority leader,AK,Tom Begich,no_endorsee,D,State legislative leaders,2,other
minority leader,AL,Bobby Singleton,no_endorsee,D,State legislative leaders,2,other
minority leader,AL,Anthony Daniels,no_endorsee,D,State legislative leaders,2,other
representative,WI,Gwen Moore,no_endorsee,D,Representatives,3,other
representative,WI,Ron Kind,no_endorsee,D,Representatives,3,other
representative,WA,Denny Heck,no_endorsee,D,Representatives,3,other
representative,WA,Adam Smith,no_endorsee,D,Representatives,3,other
representative,WA,Suzan DelBene,no_endorsee,D,Representatives,3,other
representative,VA,Gerald E. Connolly,no_endorsee,D,Representatives,3,other
representative,VA,Jennifer Wexton,no_endorsee,D,Representatives,3,other
representative,VA,Abigail Spanberger,no_endorsee,D,Representatives,3,other
representative,VA,Robert C. Scott,no_endorsee,D,Representatives,3,other
representative,TX,Lloyd Doggett,no_endorsee,D,Representatives,3,other
representative,TX,Sylvia R. Garcia,no_endorsee,D,Representatives,3,other
representative,TX,Henry Cuellar,no_endorsee,D,Representatives,3,other
representative,TX,Sheila Jackson Lee,no_endorsee,D,Representatives,3,other
representative,TX,Lizzie Pannill Fletcher,no_endorsee,D,Representatives,3,other
representative,TN,Steve Cohen,no_endorsee,D,Representatives,3,other
representative,TN,Jim Cooper,no_endorsee,D,Representatives,3,other
representative,SC,Joe Cunningham,no_endorsee,D,Representatives,3,other
representative,RI,Jim Langevin,no_endorsee,D,Representatives,3,other
representative,RI,David Cicilline,no_endorsee,D,Representatives,3,other
representative,PA,Mike Doyle,no_endorsee,D,Representatives,3,other
representative,PA,Susan Wild,no_endorsee,D,Representatives,3,other
representative,PA,Mary Gay Scanlon,no_endorsee,D,Representatives,3,other
representative,PA,Madeleine Dean,no_endorsee,D,Representatives,3,other
representative,OR,Peter DeFazio,no_endorsee,D,Representatives,3,other
representative,OR,Earl Blumenauer,no_endorsee,D,Representatives,3,other
representative,OR,Suzanne Bonamici,no_endorsee,D,Representatives,3,other
representative,OK,Kendra Horn,no_endorsee,D,Representatives,3,other
representative,OH,Marcy Kaptur,no_endorsee,D,Representatives,3,other
representative,OH,Joyce Beatty,no_endorsee,D,Representatives,3,other
delegate,MP,Gregorio Kilili Camacho Sablan,no_endorsee,D,Representatives,3,other
representative,NC,David Price,no_endorsee,D,Representatives,3,other
representative,NY,Brian Higgins,no_endorsee,D,Representatives,3,other
representative,NY,Joseph D. Morelle,no_endorsee,D,Representatives,3,other
representative,NY,Anthony Brindisi,no_endorsee,D,Representatives,3,other
representative,NY,Paul D. Tonko,no_endorsee,D,Representatives,3,other
representative,NY,Antonio Delgado,no_endorsee,D,Representatives,3,other
representative,NY,Nita Lowey,no_endorsee,D,Representatives,3,other
representative,NY,Eliot Engel,no_endorsee,D,Representatives,3,other
representative,NY,José E. Serrano,no_endorsee,D,Representatives,3,other
representative,NY,Adriano Espaillat,no_endorsee,D,Representatives,3,other
representative,NY,Jerrold Nadler,no_endorsee,D,Representatives,3,other
representative,NY,Yvette D. Clarke,no_endorsee,D,Representatives,3,other
representative,NY,Hakeem Jeffries,no_endorsee,D,Representatives,3,other
representative,NY,Nydia M. Velázquez,no_endorsee,D,Representatives,3,other
representative,NY,Grace Meng,no_endorsee,D,Representatives,3,other
representative,NY,Gregory W. Meeks,no_endorsee,D,Representatives,3,other
representative,NM,Ben R. Lujan,no_endorsee,D,Representatives,3,other
representative,NM,Xochitl Torres Small,no_endorsee,D,Representatives,3,other
representative,NH,Chris Pappas,no_endorsee,D,Representatives,3,other
representative,NV,Steven A. Horsford,no_endorsee,D,Representatives,3,other
representative,NV,Susie Lee,no_endorsee,D,Representatives,3,other
representative,MS,Bennie G. Thompson,no_endorsee,D,Representatives,3,other
representative,MI,Debbie Dingell,no_endorsee,D,Representatives,3,other
representative,MI,Haley Stevens,no_endorsee,D,Representatives,3,other
representative,MI,Elissa Slotkin,no_endorsee,D,Representatives,3,other
representative,MI,Daniel Kildee,no_endorsee,D,Representatives,3,other
representative,MI,Justin Amash,no_endorsee,I,Representatives,3,other
representative,MA,William Keating,no_endorsee,D,Representatives,3,other
representative,MA,Richard E. Neal,no_endorsee,D,Representatives,3,other
representative,MD,John P. Sarbanes,no_endorsee,D,Representatives,3,other
representative,MD,C. A. Dutch Ruppersberger,no_endorsee,D,Representatives,3,other
representative,ME,Jared Golden,no_endorsee,D,Representatives,3,other
representative,ME,Chellie Pingree,no_endorsee,D,Representatives,3,other
representative,KY,John A. Yarmuth,no_endorsee,D,Representatives,3,other
representative,KS,Sharice Davids,no_endorsee,D,Representatives,3,other
representative,IN,André Carson,no_endorsee,D,Representatives,3,other
representative,IL,Cheri Bustos,no_endorsee,D,Representatives,3,other
representative,IL,Lauren Underwood,no_endorsee,D,Representatives,3,other
representative,IL,Bill Foster,no_endorsee,D,Representatives,3,other
representative,IL,Raja Krishnamoorthi,no_endorsee,D,Representatives,3,other
representative,IL,Sean Casten,no_endorsee,D,Representatives,3,other
representative,IL,Mike Quigley,no_endorsee,D,Representatives,3,other
representative,IL,"Jesus ""Chuy"" Garcia",no_endorsee,D,Representatives,3,other
representative,IL,Daniel Lipinski,no_endorsee,D,Representatives,3,other
representative,IL,Robin Kelly,no_endorsee,D,Representatives,3,other
representative,HI,Ed Case,no_endorsee,D,Representatives,3,other
delegate,GU,Michael San Nicolas,no_endorsee,D,Representatives,3,other
representative,GA,David Scott,no_endorsee,D,Representatives,3,other
representative,GA,Lucy McBath,no_endorsee,D,Representatives,3,other
representative,GA,John Lewis,no_endorsee,D,Representatives,3,other
representative,GA,Hank Johnson,no_endorsee,D,Representatives,3,other
representative,FL,Donna Shalala,no_endorsee,D,Representatives,3,other
representative,FL,Debbie Mucarsel-Powell,no_endorsee,D,Representatives,3,other
representative,FL,Ted Deutch,no_endorsee,D,Representatives,3,other
representative,FL,Lois Frankel,no_endorsee,D,Representatives,3,other
representative,FL,Kathy Castor,no_endorsee,D,Representatives,3,other
representative,FL,Val Demings,no_endorsee,D,Representatives,3,other
representative,FL,Darren Soto,no_endorsee,D,Representatives,3,other
delegate,DC,Eleanor Holmes Norton,no_endorsee,D,Representatives,3,other
representative,CT,Jim Himes,no_endorsee,D,Representatives,3,other
representative,CT,Rosa L. DeLauro,no_endorsee,D,Representatives,3,other
representative,CT,Joe Courtney,no_endorsee,D,Representatives,3,other
representative,CT,John B. Larson,no_endorsee,D,Representatives,3,other
representative,CO,Ed Perlmutter,no_endorsee,D,Representatives,3,other
representative,CO,Jason Crow,no_endorsee,D,Representatives,3,other
representative,CO,Joe Neguse,no_endorsee,D,Representatives,3,other
representative,CO,Diana DeGette,no_endorsee,D,Representatives,3,other
representative,CA,Susan Davis,no_endorsee,D,Representatives,3,other
representative,CA,Mike Levin,no_endorsee,D,Representatives,3,other
representative,CA,Alan Lowenthal,no_endorsee,D,Representatives,3,other
representative,CA,Maxine Waters,no_endorsee,D,Representatives,3,other
representative,CA,Mark Takano,no_endorsee,D,Representatives,3,other
representative,CA,Gil Cisneros,no_endorsee,D,Representatives,3,other
representative,CA,Karen Bass,no_endorsee,D,Representatives,3,other
representative,CA,Raul Ruiz,no_endorsee,D,Representatives,3,other
representative,CA,Norma Torres,no_endorsee,D,Representatives,3,other
representative,CA,Jimmy Gomez,no_endorsee,D,Representatives,3,other
representative,CA,Grace Napolitano,no_endorsee,D,Representatives,3,other
representative,CA,Pete Aguilar,no_endorsee,D,Representatives,3,other
representative,CA,Brad Sherman,no_endorsee,D,Representatives,3,other
representative,CA,Adam Schiff,no_endorsee,D,Representatives,3,other
representative,CA,Judy Chu,no_endorsee,D,Representatives,3,other
representative,CA,TJ Cox,no_endorsee,D,Representatives,3,other
representative,CA,Jimmy Panetta,no_endorsee,D,Representatives,3,other
representative,CA,Zoe Lofgren,no_endorsee,D,Representatives,3,other
representative,CA,Anna G. Eshoo,no_endorsee,D,Representatives,3,other
representative,CA,Jackie Speier,no_endorsee,D,Representatives,3,other
representative,CA,Mark DeSaulnier,no_endorsee,D,Representatives,3,other
representative,CA,Josh Harder,no_endorsee,D,Representatives,3,other
representative,CA,Jerry McNerney,no_endorsee,D,Representatives,3,other
representative,CA,Doris O. Matsui,no_endorsee,D,Representatives,3,other
representative,CA,Mike Thompson,no_endorsee,D,Representatives,3,other
representative,CA,Jared Huffman,no_endorsee,D,Representatives,3,other
representative,AZ,Greg Stanton,no_endorsee,D,Representatives,3,other
representative,AZ,Ann Kirkpatrick,no_endorsee,D,Representatives,3,other
representative,AZ,Tom O'Halleran,no_endorsee,D,Representatives,3,other
mayor,PA,Bill Peduto,no_endorsee,D,Mayors,3,other
mayor,NV,Debra March,no_endorsee,D,Mayors,3,other
mayor,MO,Lyda Krewson,no_endorsee,D,Mayors,3,other
mayor,CA,Miguel A. Pulido,no_endorsee,D,Mayors,3,other
mayor,HI,Kirk Caldwell,no_endorsee,D,Mayors,3,other
mayor,FL,Jane Castor,no_endorsee,D,Mayors,3,other
mayor,OH,Frank G. Jackson,no_endorsee,D,Mayors,3,other
mayor,KS,Brandon Whipple,no_endorsee,D,Mayors,3,other
mayor,LA,LaToya Cantrell,no_endorsee,D,Mayors,3,other
mayor,NC,Mary-Ann Baldwin,no_endorsee,D,Mayors,3,other
mayor,MO,Quinton Lucas,no_endorsee,D,Mayors,3,other
mayor,AZ,Regina Romero,no_endorsee,D,Mayors,3,other
mayor,NM,Tim Keller,no_endorsee,D,Mayors,3,other
mayor,WI,Tom Barrett,no_endorsee,D,Mayors,3,other
mayor,MD,"Bernard C. ""Jack"" Young",no_endorsee,D,Mayors,3,other
mayor,NV,Carolyn Goodman,no_endorsee,None,Mayors,3,other
mayor,OR,Ted Wheeler,no_endorsee,D,Mayors,3,other
mayor,TN,John Cooper,no_endorsee,D,Mayors,3,other
mayor,MA,Marty Walsh,no_endorsee,D,Mayors,3,other
mayor,WA,Jenny Durkan,no_endorsee,D,Mayors,3,other
mayor,NC,Vi Lyles,no_endorsee,D,Mayors,3,other
mayor,IN,Joe Hogsett,no_endorsee,D,Mayors,3,other
mayor,OH,Andrew Ginther,no_endorsee,D,Mayors,3,other
mayor,TX,Eric Johnson,no_endorsee,D,Mayors,3,other
mayor,AZ,Kate Gallego,no_endorsee,D,Mayors,3,other
mayor,TX,Sylvester Turner,no_endorsee,D,Mayors,3,other
mayor,IL,Lori Lightfoot,no_endorsee,D,Mayors,3,other
past vice-presidential nominee,CT,Joe Lieberman,no_endorsee,D,Past nominees,5,other
past vice-presidential nominee,NC,John Edwards,no_endorsee,D,Past nominees,5,other
past presidential nominee,NY,Hillary Clinton,no_endorsee,D,Past nominees,5,other
former DNC chair,VA,Terry McAuliffe,no_endorsee,D,Former party leaders,5,other
former DNC chair,VT,Howard Dean,no_endorsee,D,Former party leaders,5,other
former DNC chair,SC,Donald Fowler,no_endorsee,D,Former party leaders,5,other
former DNC chair,OH,David Wilhelm,no_endorsee,D,Former party leaders,5,other
former U.S. Senate majority leader,NY,George Mitchell,no_endorsee,D,Former party leaders,5,other
former DNC chair,NM,Fred Harris,no_endorsee,D,Former party leaders,5,other
former U.S. Senate majority leader,NV,Harry Reid,no_endorsee,D,Former party leaders,5,other
former U.S. House majority leader,MO,Richard Gephardt,no_endorsee,D,Former party leaders,5,other
former DNC chair,MA,Debra DeLee,no_endorsee,D,Former party leaders,5,other
former DNC chair,MD,Joe Andrew,no_endorsee,D,Former party leaders,5,other
former DNC chair,FL,Debbie Wasserman Schultz,no_endorsee,D,Former party leaders,5,other
former DNC chair,FL,Kenneth Curtis,no_endorsee,D,Former party leaders,5,other
former DNC chair,DC,Donna Brazile,no_endorsee,D,Former party leaders,5,other
former U.S. House Democratic whip,DE,Tony Coelho,no_endorsee,D,Former party leaders,5,other
Former 2020 candidate,TX,Beto O'Rourke,no_endorsee,D,Candidates who have dropped out,5,other
Former 2020 candidate,NY,Bill de Blasio,no_endorsee,D,Candidates who have dropped out,5,other
Former 2020 candidate,MD,John Delaney,no_endorsee,D,Candidates who have dropped out,5,other
Former 2020 candidate,CA,Marianne Williamson,no_endorsee,D,Candidates who have dropped out,5,other
Former 2020 candidate,CA,Eric Swalwell,no_endorsee,D,Candidates who have dropped out,5,other
senator,WI,Tammy Baldwin,no_endorsee,D,Senators,6,other
senator,WV,Joe Manchin III,no_endorsee,D,Senators,6,other
senator,WA,Patty Murray,no_endorsee,D,Senators,6,other
senator,WA,Maria Cantwell,no_endorsee,D,Senators,6,other
senator,VA,Mark R. Warner,no_endorsee,D,Senators,6,other
senator,VA,Tim Kaine,no_endorsee,D,Senators,6,other
senator,RI,Sheldon Whitehouse,no_endorsee,D,Senators,6,other
senator,RI,Jack Reed,no_endorsee,D,Senators,6,other
senator,OR,Ron Wyden,no_endorsee,D,Senators,6,other
senator,OR,Jeff Merkley,no_endorsee,D,Senators,6,other
senator,OH,Sherrod Brown,no_endorsee,D,Senators,6,other
senator,NY,Kirsten Gillibrand,no_endorsee,D,Senators,6,other
senator,NM,Tom Udall,no_endorsee,D,Senators,6,other
senator,NM,Martin Heinrich,no_endorsee,D,Senators,6,other
senator,NJ,Cory Booker,no_endorsee,D,Senators,6,other
senator,NH,Jeanne Shaheen,no_endorsee,D,Senators,6,other
senator,NH,Margaret Wood Hassan,no_endorsee,D,Senators,6,other
senator,NV,Jacky Rosen,no_endorsee,D,Senators,6,other
senator,NV,Catherine Cortez Masto,no_endorsee,D,Senators,6,other
senator,MI,Debbie Stabenow,no_endorsee,D,Senators,6,other
senator,MI,Gary C. Peters,no_endorsee,D,Senators,6,other
senator,MD,Chris Van Hollen,no_endorsee,D,Senators,6,other
senator,MD,Benjamin L. Cardin,no_endorsee,D,Senators,6,other
senator,ME,Angus S. King Jr.,no_endorsee,I,Senators,6,other
senator,IL,Tammy Duckworth,no_endorsee,D,Senators,6,other
senator,HI,Brian Schatz,no_endorsee,D,Senators,6,other
senator,HI,Mazie K. Hirono,no_endorsee,D,Senators,6,other
senator,CT,Christopher Murphy,no_endorsee,D,Senators,6,other
senator,CT,Richard Blumenthal,no_endorsee,D,Senators,6,other
senator,CA,Kamala Harris,no_endorsee,D,Senators,6,other
senator,AZ,Kyrsten Sinema,no_endorsee,D,Senators,6,other
governor,WI,Tony Evers,no_endorsee,D,Governors,8,other
governor,WA,Jay Inslee,no_endorsee,D,Governors,8,other
governor,VA,Ralph Northam,no_endorsee,D,Governors,8,other
governor,VI,Albert Bryan Jr,no_endorsee,D,Governors,8,other
governor,RI,Gina Raimondo,no_endorsee,D,Governors,8,other
governor,PR,Wanda Vázquez Garced,no_endorsee,None,Governors,8,other
governor,PA,Tom Wolf,no_endorsee,D,Governors,8,other
governor,OR,Kate Brown,no_endorsee,D,Governors,8,other
governor,NC,Roy Cooper,no_endorsee,D,Governors,8,other
governor,NM,Michelle Lujan Grisham,no_endorsee,D,Governors,8,other
governor,NV,Steve Sisolak,no_endorsee,D,Governors,8,other
governor,MT,Steve Bullock,no_endorsee,D,Governors,8,other
governor,MI,Gretchen Whitmer,no_endorsee,D,Governors,8,other
governor,ME,Janet Mills,no_endorsee,D,Governors,8,other
governor,LA,John Bel Edwards,no_endorsee,D,Governors,8,other
governor,KY,Andy Beshear,no_endorsee,D,Governors,8,other
governor,KS,Laura Kelly,no_endorsee,D,Governors,8,other
governor,IL,JB Pritzker,no_endorsee,D,Governors,8,other
governor,HI,David Ige,no_endorsee,D,Governors,8,other
governor,GU,Lou Leon Guerrero,no_endorsee,D,Governors,8,other
governor,CO,Jared Polis,no_endorsee,D,Governors,8,other
governor,AS,Lolo Matalasi Moliga,no_endorsee,D,Governors,8,other
past vice president,TN,Al Gore,no_endorsee,D,Past presidents and vice presidents,10,other
past president,NY,Bill Clinton,no_endorsee,D,Past presidents and vice presidents,10,other
past president,IL,Barack Obama,no_endorsee,D,Past presidents and vice presidents,10,other
past president,GA,Jimmy Carter,no_endorsee,D,Past presidents and vice presidents,10,other
U.S. House Democratic whip,SC,James E. Clyburn,no_endorsee,D,Current party leaders,10,other
U.S. Senate minority leader,NY,Charles E. Schumer,no_endorsee,D,Current party leaders,10,other
DNC chair,MD,Tom Perez,no_endorsee,D,Current party leaders,10,other
U.S. House majority leader,MD,Steny Hoyer,no_endorsee,D,Current party leaders,10,other
U.S. Senate Democratic whip,IL,Richard J. Durbin,no_endorsee,D,Current party leaders,10,other
U.S. House speaker,CA,Nancy Pelosi,no_endorsee,D,Current party leaders,10,other
DNC member,GA,Sheikh M. Rahman,no_endorsee,D,DNC members,1,other
DNC member,GA,Richard A. Ray,no_endorsee,D,DNC members,1,other
DNC member,GA,Sally S. Rosser,no_endorsee,D,DNC members,1,other
DNC member,GA,Pamela Stephenson,no_endorsee,D,DNC members,1,other
DNC member,GA,Nikema Williams,no_endorsee,D,DNC members,1,other
DNC member,GU,Jon Junior Calvo,no_endorsee,D,DNC members,1,other
DNC member,GU,Regine Biscoe Lee,no_endorsee,D,DNC members,1,other
DNC member,GU,Rory Respicio,no_endorsee,D,DNC members,1,other
DNC member,GU,Taling Taitano,no_endorsee,D,DNC members,1,other
DNC member,HI,Bart E. Dame,no_endorsee,D,DNC members,1,other
DNC member,HI,Gary Hooser,no_endorsee,D,DNC members,1,other
DNC member,HI,Kathleen G. Stanley,no_endorsee,D,DNC members,1,other
DNC member,ID,Evangeline M. Beechler,no_endorsee,D,DNC members,1,other
DNC member,ID,Susan S. Eastlake,no_endorsee,D,DNC members,1,other
DNC member,ID,Paulette Jordan,no_endorsee,D,DNC members,1,other
DNC member,ID,Jesse Maldonado,no_endorsee,D,DNC members,1,other
DNC member,ID,Jerry C. Shriner,no_endorsee,D,DNC members,1,other
DNC member,IL,Carrie Austin,no_endorsee,D,DNC members,1,other
DNC member,IL,Jerry F. Costello,no_endorsee,D,DNC members,1,other
DNC member,IL,John J. Cullerton,no_endorsee,D,DNC members,1,other
DNC member,IL,Daniel W. Hynes,no_endorsee,D,DNC members,1,other
DNC member,IL,Iris Y. Martinez,no_endorsee,D,DNC members,1,other
DNC member,IL,Jayne Mazzotti,no_endorsee,D,DNC members,1,other
DNC member,IL,Carol Ronen,no_endorsee,D,DNC members,1,other
DNC member,IL,Becky Strezchowski,no_endorsee,D,DNC members,1,other
DNC member,IL,Karen A. Yarbrough,no_endorsee,D,DNC members,1,other
DNC member,IN,David a Frye,no_endorsee,D,DNC members,1,other
DNC member,IN,Cindy S. Henry,no_endorsee,D,DNC members,1,other
DNC member,IN,Cordelia M. Lewis-Burks,no_endorsee,D,DNC members,1,other
DNC member,IN,S. Anthony Long,no_endorsee,D,DNC members,1,other
DNC member,IN,John C. Zody,no_endorsee,D,DNC members,1,other
DNC member,IA,Scott M. Brennan,no_endorsee,D,DNC members,1,other
DNC member,IA,Andrea Phillips,no_endorsee,D,DNC members,1,other
DNC member,IA,Troy M. Price,no_endorsee,D,DNC members,1,other
DNC member,KS,Vicki Hiatt,no_endorsee,D,DNC members,1,other
DNC member,KS,Brandon Johnson,no_endorsee,D,DNC members,1,other
DNC member,KS,Teresa Garcia Krusor,no_endorsee,D,DNC members,1,other
DNC member,KS,Christopher T. Reeves,no_endorsee,D,DNC members,1,other
DNC member,KY,Cassie Chambers Armstrong,no_endorsee,D,DNC members,1,other
DNC member,KY,Susanna French,no_endorsee,D,DNC members,1,other
DNC member,KY,Charlotte Lundergan,no_endorsee,D,DNC members,1,other
DNC member,KY,Ben Self,no_endorsee,D,DNC members,1,other
DNC member,KY,Nathan Gene Smith,no_endorsee,D,DNC members,1,other
DNC member,LA,Deborah J. Langhoff,no_endorsee,D,DNC members,1,other
DNC member,LA,Michael McHale,no_endorsee,D,DNC members,1,other
DNC member,LA,Arthur Morrell,no_endorsee,D,DNC members,1,other
DNC member,LA,Karen Carter Peterson,no_endorsee,D,DNC members,1,other
DNC member,ME,Diane M. Denk,no_endorsee,D,DNC members,1,other
DNC member,ME,Erik Gundersen,no_endorsee,D,DNC members,1,other
DNC member,ME,Kathleen Marra,no_endorsee,D,DNC members,1,other
DNC member,MD,Maria C. Cordone,no_endorsee,D,DNC members,1,other
DNC member,MD,Tefere Gebre,no_endorsee,D,DNC members,1,other
DNC member,MD,Bel W. Leong-Hong,no_endorsee,D,DNC members,1,other
DNC member,MD,Yvette W. Lewis,no_endorsee,D,DNC members,1,other
DNC member,MD,Robert Martinez Jr.,no_endorsee,D,DNC members,1,other
DNC member,MD,Cory V. McCray,no_endorsee,D,DNC members,1,other
DNC member,MD,Glenard S. Middleton,no_endorsee,D,DNC members,1,other
DNC member,MD,Gregory Pecoraro,no_endorsee,D,DNC members,1,other
DNC member,MD,Marc Perrone,no_endorsee,D,DNC members,1,other
DNC member,MD,Kenneth Rigmaiden,no_endorsee,D,DNC members,1,other
DNC member,MA,Gus Bickford,no_endorsee,D,DNC members,1,other
DNC member,MA,Elaine C. Kamarck,no_endorsee,D,DNC members,1,other
DNC member,MA,Debra Kozikowski,no_endorsee,D,DNC members,1,other
DNC member,MA,David M. O'Brien,no_endorsee,D,DNC members,1,other
DNC member,MA,Melvin Poindexter,no_endorsee,D,DNC members,1,other
DNC member,MA,James Roosevelt Jr.,no_endorsee,D,DNC members,1,other
DNC member,MA,Susan Thomson,no_endorsee,D,DNC members,1,other
DNC member,MI,Lavora R. Barnes,no_endorsee,D,DNC members,1,other
DNC member,MI,Scott Benson,no_endorsee,D,DNC members,1,other
DNC member,MI,Shauna Ryder Diggs,no_endorsee,D,DNC members,1,other
DNC member,MI,Cindy Estrada,no_endorsee,D,DNC members,1,other
DNC member,MI,Paula Herbart,no_endorsee,D,DNC members,1,other
DNC member,MI,Daryl Newman,no_endorsee,D,DNC members,1,other
DNC member,MI,Virgie M. Rollins,no_endorsee,D,DNC members,1,other
DNC member,MI,Alexis Wiley,no_endorsee,D,DNC members,1,other
DNC member,MN,J.P. Barone,no_endorsee,D,DNC members,1,other
DNC member,MN,Debbie Goettel,no_endorsee,D,DNC members,1,other
DNC member,MN,Ron Harris,no_endorsee,D,DNC members,1,other
DNC member,MN,Marge Hoffa,no_endorsee,D,DNC members,1,other
DNC member,MN,Ken Martin,no_endorsee,D,DNC members,1,other
DNC member,MN,Lori A. Sellner,no_endorsee,D,DNC members,1,other
DNC member,MN,Elly Zaragoza,no_endorsee,D,DNC members,1,other
DNC member,MS,Will Colom,no_endorsee,D,DNC members,1,other
DNC member,MS,Rae Shawn Davis,no_endorsee,D,DNC members,1,other
DNC member,MS,Bobby Moak,no_endorsee,D,DNC members,1,other
DNC member,MS,Vicki R. Slater,no_endorsee,D,DNC members,1,other
DNC member,MO,Winston Apple,no_endorsee,D,DNC members,1,other
DNC member,MO,Jean Peters Baker,no_endorsee,D,DNC members,1,other
DNC member,MO,Persephone Dakopolos,no_endorsee,D,DNC members,1,other
DNC member,MO,Ethan Smith,no_endorsee,D,DNC members,1,other
DNC member,MO,Clem Smith,no_endorsee,D,DNC members,1,other
DNC member,MO,Brian Wahby,no_endorsee,D,DNC members,1,other
DNC member,MT,Bryce Bennett,no_endorsee,D,DNC members,1,other
DNC member,MT,Jean Lemire Dahlman,no_endorsee,D,DNC members,1,other
DNC member,MT,Jorge Quintana,no_endorsee,D,DNC members,1,other
DNC member,MT,Mary Sexton,no_endorsee,D,DNC members,1,other
DNC member,NE,Ron Kaminski,no_endorsee,D,DNC members,1,other
DNC member,NE,Jane Erin Fleming Kleeb,no_endorsee,D,DNC members,1,other
DNC member,NE,Frank D. LaMere,no_endorsee,D,DNC members,1,other
DNC member,NE,Patricia A. Zieg,no_endorsee,D,DNC members,1,other
DNC member,NV,Artie Blanco,no_endorsee,D,DNC members,1,other
DNC member,NV,William McCurdy II,no_endorsee,D,DNC members,1,other
DNC member,NV,Marty McGarry,no_endorsee,D,DNC members,1,other
DNC member,NH,Raymond C. Buckley II,no_endorsee,D,DNC members,1,other
DNC member,NJ,Tonio Burgos,no_endorsee,D,DNC members,1,other
DNC member,NJ,Marcia Marley,no_endorsee,D,DNC members,1,other
DNC member,NM,Marg Elliston,no_endorsee,D,DNC members,1,other
DNC member,NM,Joni Marie Gutierrez,no_endorsee,D,DNC members,1,other
DNC member,NM,Marcus Porter,no_endorsee,D,DNC members,1,other
DNC member,NM,Raymond Sanchez,no_endorsee,D,DNC members,1,other
DNC member,NY,Stuart H. Appelbaum,no_endorsee,D,DNC members,1,other
DNC member,NY,Maria Cuomo Cole,no_endorsee,D,DNC members,1,other
DNC member,NY,Vivian Cook,no_endorsee,D,DNC members,1,other
DNC member,NY,Jennifer Cunningham,no_endorsee,D,DNC members,1,other
DNC member,NY,Hazel Duke,no_endorsee,D,DNC members,1,other
DNC member,NY,Emily Giske,no_endorsee,D,DNC members,1,other
DNC member,NY,Jay S. Jacobs,no_endorsee,D,DNC members,1,other
DNC member,NY,Charlie King,no_endorsee,D,DNC members,1,other
DNC member,NY,Christopher Lowe,no_endorsee,D,DNC members,1,other
DNC member,NY,Ai-Jen Poo,no_endorsee,D,DNC members,1,other
DNC member,GA,Daniel J. Halpern,no_endorsee,D,DNC members,1,other
DNC member,NY,Michael Reich,no_endorsee,D,DNC members,1,other
DNC member,NY,Gerard J. Sweeney,no_endorsee,D,DNC members,1,other
DNC member,NY,Randi Weingarten,no_endorsee,D,DNC members,1,other
DNC member,NY,Robert Zimmerman,no_endorsee,D,DNC members,1,other
DNC member,NC,Denise D. Adams,no_endorsee,D,DNC members,1,other
DNC member,NC,Wayne Goodwin,no_endorsee,D,DNC members,1,other
DNC member,NC,Shelia A. Huggins,no_endorsee,D,DNC members,1,other
DNC member,NC,Ray McKinnon,no_endorsee,D,DNC members,1,other
DNC member,NC,Cliff Moone,no_endorsee,D,DNC members,1,other
DNC member,NC,Bobbie Richardson,no_endorsee,D,DNC members,1,other
DNC member,NC,John R. Verdejo,no_endorsee,D,DNC members,1,other
DNC member,ND,Ondine E. Baird,no_endorsee,D,DNC members,1,other
DNC member,ND,Patrick M. Hart,no_endorsee,D,DNC members,1,other
DNC member,ND,Kylie Oversen,no_endorsee,D,DNC members,1,other
DNC member,MP,Nola K. Hix,no_endorsee,D,DNC members,1,other
DNC member,MP,Daniel O. Quitugua,no_endorsee,D,DNC members,1,other
DNC member,MP,Michael A. White,no_endorsee,D,DNC members,1,other
DNC member,OH,Tim Burga,no_endorsee,D,DNC members,1,other
DNC member,OH,Isabel Framer,no_endorsee,D,DNC members,1,other
DNC member,OH,Rebecca L. Higgins,no_endorsee,D,DNC members,1,other
DNC member,OH,Mark Mallory,no_endorsee,D,DNC members,1,other
DNC member,OH,Ronald L. Malone,no_endorsee,D,DNC members,1,other
DNC member,OH,Valarie J. McCall,no_endorsee,D,DNC members,1,other
DNC member,OH,Rhine McLin,no_endorsee,D,DNC members,1,other
DNC member,OH,David A. Pepper,no_endorsee,D,DNC members,1,other
DNC member,OH,Joe Rugola,no_endorsee,D,DNC members,1,other
DNC member,OK,Brian Jones,no_endorsee,D,DNC members,1,other
DNC member,OK,Anna Langthorn,no_endorsee,D,DNC members,1,other
DNC member,OK,Betty McElderry,no_endorsee,D,DNC members,1,other
DNC member,OK,David L. Walters,no_endorsee,D,DNC members,1,other
DNC member,OR,"Carla ""KC"" Hanson",no_endorsee,D,DNC members,1,other
DNC member,OR,Matt K. Keating,no_endorsee,D,DNC members,1,other
DNC member,OR,Peter B. Lee,no_endorsee,D,DNC members,1,other
DNC member,OR,Travis Nelson,no_endorsee,D,DNC members,1,other
DNC member,OR,Tanya Shively,no_endorsee,D,DNC members,1,other
DNC member,PA,Rick Bloomingdale,no_endorsee,D,DNC members,1,other
DNC member,PA,Ronald Donatucci,no_endorsee,D,DNC members,1,other
DNC member,PA,Peggy Grove,no_endorsee,D,DNC members,1,other
DNC member,PA,Murat Guzel,no_endorsee,D,DNC members,1,other
DNC member,PA,Gerald Lawrence,no_endorsee,D,DNC members,1,other
DNC member,PA,Nancy Patton Mills,no_endorsee,D,DNC members,1,other
DNC member,PA,Ian Murray,no_endorsee,D,DNC members,1,other
DNC member,PA,Evie Rafalko-McNulty,no_endorsee,D,DNC members,1,other
DNC member,PA,Sharif T. Street,no_endorsee,D,DNC members,1,other
DNC member,PA,Marian B. Tasco,no_endorsee,D,DNC members,1,other
DNC member,PA,Sylvia C. Wilson,no_endorsee,D,DNC members,1,other
DNC member,PR,Luis D. Davila,no_endorsee,D,DNC members,1,other
DNC member,PR,Andres Lopez,no_endorsee,D,DNC members,1,other
DNC member,PR,Margarita Nolasco,no_endorsee,D,DNC members,1,other
DNC member,PR,Manuel Ortiz,no_endorsee,D,DNC members,1,other
DNC member,PR,Charles A. Rodriguez,no_endorsee,D,DNC members,1,other
DNC member,PR,Johanne M. Velez,no_endorsee,D,DNC members,1,other
DNC member,RI,Grace Diaz,no_endorsee,D,DNC members,1,other
DNC member,RI,Edna O'Neill Mattson,no_endorsee,D,DNC members,1,other
DNC member,RI,Joseph M. McNamara,no_endorsee,D,DNC members,1,other
DNC member,RI,Joseph R. Paolino Jr.,no_endorsee,D,DNC members,1,other
DNC member,SC,Gilda Cobb-Hunter,no_endorsee,D,DNC members,1,other
DNC member,SC,Carol K. Fowler,no_endorsee,D,DNC members,1,other
DNC member,SC,Jaime R. Harrison,no_endorsee,D,DNC members,1,other
DNC member,SC,Lessie Price,no_endorsee,D,DNC members,1,other
DNC member,SC,Travis Robertson Jr.,no_endorsee,D,DNC members,1,other
DNC member,SD,Paula A. Hawks,no_endorsee,D,DNC members,1,other
DNC member,SD,Deb J. Knecht,no_endorsee,D,DNC members,1,other
DNC member,SD,Randy Seiler,no_endorsee,D,DNC members,1,other
DNC member,SD,Bill E. Walsh,no_endorsee,D,DNC members,1,other
DNC member,TN,Gale Jones Carson,no_endorsee,D,DNC members,1,other
DNC member,TN,Will T. Cheek,no_endorsee,D,DNC members,1,other
DNC member,TN,Robert H. Cowan,no_endorsee,D,DNC members,1,other
DNC member,TN,Mary Mancini,no_endorsee,D,DNC members,1,other
DNC member,TN,Marisa Richmond,no_endorsee,D,DNC members,1,other
DNC member,TX,Yvonne Davis,no_endorsee,D,DNC members,1,other
DNC member,TX,AJ Durrani,no_endorsee,D,DNC members,1,other
DNC member,TX,Gilberto Hinojosa,no_endorsee,D,DNC members,1,other
DNC member,TX,Kat Hoang,no_endorsee,D,DNC members,1,other
DNC member,TX,Glen Maxey,no_endorsee,D,DNC members,1,other
DNC member,TX,Lorraine C. Miller,no_endorsee,D,DNC members,1,other
DNC member,TX,John B. Patrick,no_endorsee,D,DNC members,1,other
DNC member,TX,Hasmit R. Popat,no_endorsee,D,DNC members,1,other
DNC member,TX,Betty Z. Richie,no_endorsee,D,DNC members,1,other
DNC member,TX,Dennis D. Speight,no_endorsee,D,DNC members,1,other
DNC member,TX,Jere Talley,no_endorsee,D,DNC members,1,other
DNC member,TX,Senfronia Thompson,no_endorsee,D,DNC members,1,other
DNC member,TX,Royce B. West,no_endorsee,D,DNC members,1,other
DNC member,UT,Marcus Stevenson,no_endorsee,D,DNC members,1,other
DNC member,UT,Charles A. Stormont,no_endorsee,D,DNC members,1,other
DNC member,UT,Daisy Thomas,no_endorsee,D,DNC members,1,other
DNC member,UT,Jenny Wilson,no_endorsee,D,DNC members,1,other
DNC member,VT,Terje Anderson,no_endorsee,D,DNC members,1,other
DNC member,VT,Tim Jerman,no_endorsee,D,DNC members,1,other
DNC member,VT,Tess Taylor,no_endorsee,D,DNC members,1,other
DNC member,VI,Cecil R. Benjamin,no_endorsee,D,DNC members,1,other
DNC member,VI,Carol M. Burke,no_endorsee,D,DNC members,1,other
DNC member,VI,Carla Joseph,no_endorsee,D,DNC members,1,other
DNC member,VI,Ernest Morris,no_endorsee,D,DNC members,1,other
DNC member,VA,Yohannes Abraham,no_endorsee,D,DNC members,1,other
DNC member,VA,Marc Broklawski,no_endorsee,D,DNC members,1,other
DNC member,VA,Steven C. Cochran,no_endorsee,D,DNC members,1,other
DNC member,VA,Doris Crouse-Mays,no_endorsee,D,DNC members,1,other
DNC member,VA,Morgan W. Jameson,no_endorsee,D,DNC members,1,other
DNC member,VA,Frank Leone,no_endorsee,D,DNC members,1,other
DNC member,VA,Christopher P. Lu,no_endorsee,D,DNC members,1,other
DNC member,VA,Jennifer L. McClellan,no_endorsee,D,DNC members,1,other
DNC member,VA,Atima Omara,no_endorsee,D,DNC members,1,other
DNC member,VA,Susan R. Swecker,no_endorsee,D,DNC members,1,other
DNC member,VA,Yasmine P. Taeb,no_endorsee,D,DNC members,1,other
DNC member,VA,Jeion A. Ward,no_endorsee,D,DNC members,1,other
DNC member,WA,Ed S. Cote,no_endorsee,D,DNC members,1,other
DNC member,WA,David Green,no_endorsee,D,DNC members,1,other
DNC member,WA,Juanita G. Luiz,no_endorsee,D,DNC members,1,other
DNC member,WA,Sharon Mast,no_endorsee,D,DNC members,1,other
DNC member,WA,David T. McDonald,no_endorsee,D,DNC members,1,other
DNC member,WA,Nancy E. Monacelli,no_endorsee,D,DNC members,1,other
DNC member,WA,Candace Mumm,no_endorsee,D,DNC members,1,other
DNC member,WA,Tina Podlodowski,no_endorsee,D,DNC members,1,other
DNC member,WV,Belinda J. Biafore,no_endorsee,D,DNC members,1,other
DNC member,WV,Elaine A. Harris,no_endorsee,D,DNC members,1,other
DNC member,WV,William Laird,no_endorsee,D,DNC members,1,other
DNC member,WV,Pat Maroney,no_endorsee,D,DNC members,1,other
DNC member,WI,Janet T. Bewley,no_endorsee,D,DNC members,1,other
DNC member,WI,Martha Marie Love,no_endorsee,D,DNC members,1,other
DNC member,WI,Felesia Martin,no_endorsee,D,DNC members,1,other
DNC member,WI,Mahlon Mitchell,no_endorsee,D,DNC members,1,other
DNC member,WI,Andrew Werthmann,no_endorsee,D,DNC members,1,other
DNC member,WI,Ben Wikler,no_endorsee,D,DNC members,1,other
DNC member,WY,Joseph M. Barbuto,no_endorsee,D,DNC members,1,other
DNC member,WY,Jessica S. Chambers,no_endorsee,D,DNC members,1,other
DNC member,WY,Lucas Fralick,no_endorsee,D,DNC members,1,other
DNC member,WY,Erin O'Doherty,no_endorsee,D,DNC members,1,other
